Price,Close,High,Low,Open,Volume
Ticker,JIOFIN.NS,JIOFIN.NS,JIOFIN.NS,JIOFIN.NS,JIOFIN.NS
Date,,,,,
2023-08-21,247.93182373046875,261.0306668351248,247.93182373046875,260.98087348446626,74715306
2023-08-22,235.5302734375,235.5302734375,235.5302734375,235.5302734375,7281398
2023-08-23,223.7761688232422,223.7761688232422,223.7761688232422,223.7761688232422,4289046
2023-08-24,212.61973571777344,212.61973571777344,212.61973571777344,212.61973571777344,27673356
2023-08-25,213.6656494140625,223.22831392915168,202.01116248590998,202.01116248590998,281040185
2023-08-28,210.32867431640625,221.38550422946327,206.74268651716557,212.52012903750673,87522126
2023-08-29,219.39329528808594,220.8376521944765,206.44386128697303,211.17538524891813,92693424
2023-08-30,230.35049438476562,230.35049438476562,223.82596923365585,224.02518824296627,21403170
2023-08-31,232.5917510986328,241.85557977114235,230.25088585362565,240.75985237998225,124122179
2023-09-01,244.19642639160156,244.19642639160156,233.28902198477635,234.08591323994858,39481020
2023-09-04,252.46414184570312,265.9116455278992,248.03145423756956,254.30695190274474,99246736
2023-09-05,254.05792236328125,258.9886650620758,252.01589331040455,256.00033431135955,47127078
2023-09-06,251.86648559570312,258.7894336709364,245.0929327804221,246.03923448856779,225413157
2023-09-07,250.82057189941406,256.2991632477431,250.27270820475016,251.0197909158091,43856832
2023-09-08,252.21511840820312,254.00811994179725,248.5295134332487,253.01200966751568,36090005
2023-09-11,249.17697143554688,256.69762201642794,249.02756097873407,255.95053933349175,24982858
2023-09-12,243.2999267578125,251.01978113805015,239.96295136529017,250.77075357739733,39500716
2023-09-13,239.26568603515625,246.8361302372054,235.67969814953034,243.84779939946546,27810990
2023-09-14,241.60653686523438,243.5987573049404,240.31159053953834,241.0586732044281,14055236
2023-09-15,238.4687957763672,243.69837476444047,236.72560278034274,242.85169014317634,27416106
2023-09-18,232.29290771484375,239.91316026192268,231.19719555736052,239.06646046799074,24694419
2023-09-20,228.7567138671875,231.09757904504764,228.10924828153406,229.5037965580659,18317607
2023-09-21,226.76449584960938,234.68358461947523,225.91781124363987,229.10536105318826,33101551
2023-09-22,226.91390991210938,231.34659732692546,225.46955314091343,227.06332036451613,38327554
2023-09-25,228.8563232421875,229.95205056490587,226.61507524525638,229.10535079740205,13392150
2023-09-26,229.50379943847656,230.79874582547203,229.10536141144863,230.20108878493014,8058261
2023-09-27,226.46566772460938,230.30068300491533,226.1170230630198,230.30068300491533,10984321
2023-09-28,224.17462158203125,227.9598436863938,223.8757854581064,227.11314386851285,9143582
2023-09-29,230.30068969726562,231.99407410397507,224.12480910838843,225.0213022650474,12411231
2023-10-03,230.49990844726562,232.99018410118785,229.6532238445939,230.59952555319705,13185432
2023-10-04,223.7761688232422,229.1053649129485,222.6306480784521,229.1053649129485,23296548
2023-10-05,224.5232391357422,227.01351470379362,223.32790990296468,225.02129424935248,13894930
2023-10-06,224.22442626953125,226.76449528050136,222.8298627817412,225.61897455788488,7531900
2023-10-09,218.7956085205078,222.13258391014313,217.99873248665705,222.13258391014313,9696908
2023-10-10,219.29367065429688,223.02908418031444,218.8952326246296,220.1403704666355,10451289
2023-10-11,224.22442626953125,226.8143038335361,219.74193008626202,221.13647837461565,11765082
2023-10-12,224.2742156982422,226.51546375065408,223.87577767981008,226.11702573222198,7780605
2023-10-13,223.6765594482422,225.02129916470284,221.13647527345714,223.1286957714162,10137218
2023-10-16,223.9255828857422,225.07110357119353,223.1286916613502,224.02518478914376,10850724
2023-10-17,220.09056091308594,232.09369269537345,219.64231433188775,230.59952729175518,34190044
2023-10-18,215.15980529785156,222.03295966509202,214.71155874336813,220.73802855201453,27712062
2023-10-19,213.3668212890625,215.15982285272256,208.23685937026536,215.15982285272256,42127110
2023-10-20,213.3668212890625,216.1559331437074,212.17149197976806,214.66176770723013,11101464
2023-10-23,205.79638671875,213.3668156090408,203.45552151747694,213.16759659603457,17817781
2023-10-25,209.3325653076172,210.97615635822928,205.69676893407754,205.7963860399703,22079260
2023-10-26,215.01040649414062,216.15592721759296,205.6469608959287,207.19093484451307,23734035
2023-10-27,222.032958984375,224.72246870190102,215.60805119131567,218.74580746195082,20929447
2023-10-30,218.1481475830078,225.32013843626052,217.30144777973757,223.62675402915642,13508666
2023-10-31,218.1481475830078,222.3318076474522,214.7115702157655,221.13647837181614,17538202
2023-11-01,216.8033905029297,221.18628473614024,214.46254052785514,215.15981466512338,15862624
2023-11-02,216.50457763671875,218.74582578948215,215.85709682848056,217.65009839057865,13261567
2023-11-03,218.1979522705078,219.79171954330903,216.80338880744114,218.14814371835612,8569115
2023-11-06,216.3053436279297,219.84153820114585,215.906905591273,219.54270207393492,11494092
2023-11-07,216.3551483154297,217.9489308324442,215.65787416402455,217.05242246683486,7558170
2023-11-08,213.31700134277344,217.0524147344828,212.96837187920883,216.95281283036547,17101608
2023-11-09,214.3131103515625,216.8531944832457,214.01428944148816,214.01428944148816,17250096
2023-11-10,221.086669921875,222.0827801852756,213.5162410396923,214.0142961713926,18467219
2023-11-13,223.87579345703125,225.02131424032908,221.38551766774282,222.13260040452934,12086991
2023-11-15,223.27810668945312,226.46567165231028,222.33180499085827,226.06721843223502,15782001
2023-11-16,226.0672149658203,228.40808009963047,222.97928235462624,224.62285816385568,17856032
2023-11-17,219.94114685058594,225.1209171250811,219.54269362981788,225.1209171250811,19607105
2023-11-20,214.66175842285156,220.88744747223822,214.21351185118297,220.88744747223822,20403368
2023-11-21,219.34347534179688,222.28199755725007,215.7076789869976,216.5543635849763,25625463
2023-11-22,221.03684997558594,222.53101529367083,217.65008133436774,218.84541054894854,15012272
2023-11-23,220.389404296875,222.38162490068856,218.7458283785036,221.63454217425846,11267951
2023-11-24,225.6189727783203,226.9637277024689,219.64231124776876,221.03685952512296,31420610
2023-11-28,225.4695587158203,231.39641159899242,224.423639924805,227.16294308252148,25668670
2023-11-29,225.1707305908203,228.45789753656067,223.327920503219,228.45789753656067,14007708
2023-11-30,228.5076904296875,230.8983642033281,221.78394609037247,225.1707301365042,45432216
2023-12-01,224.62286376953125,230.69914243908025,223.97539817990358,230.5497167803256,17634910
2023-12-04,229.20498657226562,231.09759006630975,227.01353174829413,228.85634188678733,21079668
2023-12-05,241.55673217773438,245.04311800298004,228.5076820091834,230.10146446621295,60847483
2023-12-06,246.0890350341797,250.62133961454057,242.05478556815657,243.94738892286574,45262704
2023-12-07,248.1808624267578,249.72483635239712,244.14662807837396,248.03145196920144,23000400
2023-12-08,243.2999267578125,249.52561577413317,239.06645822671442,248.03145041021622,19056798
2023-12-11,244.64468383789062,246.0392321101575,242.10459965678515,243.89760114929703,8875953
2023-12-12,239.61431884765625,246.33806289963064,237.37307083033144,245.092925112228,12749596
2023-12-13,238.8174285888672,241.45711462905317,234.4345496392734,241.05867661524863,13774944
2023-12-14,237.67190551757812,242.80186709121827,237.12404185451078,241.95516732107458,14352896
2023-12-15,236.7255859375,241.65634364927027,235.48044817178743,239.0664510168139,26225287
2023-12-18,239.2158660888672,241.25789510396035,236.67579715730605,240.06256586567818,17001755
2023-12-19,237.37307739257812,239.86335303622783,236.97462416993238,239.3652979074979,13053454
2023-12-20,231.19720458984375,247.23457115312914,229.15517545368047,237.97074240818517,44628843
2023-12-21,237.07424926757812,237.77152343141893,228.1092566482159,229.9520667664151,17015304
2023-12-22,235.8291015625,238.81743231091605,233.68747060590962,237.82132206144402,10871312
2023-12-26,233.7870635986328,237.07423033646248,232.79095338713506,236.32714767783918,11865886
2023-12-27,233.0897979736328,236.32715627882214,232.09368772588223,235.08201846913394,12430460
2023-12-28,232.4423370361328,235.43066783908577,231.64544578212474,234.08591289798235,10533952
2023-12-29,232.04388427734375,234.2851323840781,231.34661012846922,232.99018599363316,11614923
2024-01-01,233.63766479492188,235.48045965840572,232.39252696847208,232.44233552141736,7919961
2024-01-02,234.43455505371094,235.08202064095602,231.09757961314318,234.0859103840028,9216592
2024-01-03,233.58786010742188,235.08202552388727,232.6415583835478,234.48435327752645,9864949
2024-01-04,240.4610137939453,242.30382387855167,235.87891565834994,237.9209447576454,32808937
2024-01-05,242.70225524902344,247.23455990617325,240.5606243008606,243.54895503751726,29722064
2024-01-08,241.45712280273438,245.93961900723642,239.36530036029532,245.88982565340223,21118013
2024-01-09,241.2080841064453,243.69835966071147,240.5606185421104,242.95127699443162,10689245
2024-01-10,240.0127716064453,241.3575265792375,238.36919570586542,241.0586904520129,11798543
2024-01-11,250.571533203125,252.41432802225088,239.71392249817504,242.0547876353281,45792818
2024-01-12,254.05792236328125,258.3411994791951,252.71316744568446,254.00811381088207,46763296
2024-01-15,254.05792236328125,254.05792236328125,254.05792236328125,254.05792236328125,0
2024-01-16,247.88204956054688,256.9964525539049,245.541184319913,253.11162853693446,70456857
2024-01-17,241.60653686523438,246.03922430369312,241.20808365763176,246.03922430369312,28318086
2024-01-18,242.30381774902344,246.9357243209775,238.12015774863977,242.50303675867292,24804800
2024-01-19,245.2921600341797,248.18087380861456,244.44546020403314,244.89372199613243,16563079
2024-01-23,239.46490478515625,247.08515753259158,239.06646675367477,246.88593851685084,13184700
2024-01-24,238.8174285888672,240.61043004985953,236.17774254868118,239.06645614735402,15276800
2024-01-25,238.91705322265625,241.70614980607175,237.9707363110298,239.4649017090466,12352497
2024-01-29,250.02366638183594,253.41043506579965,239.06645391091882,241.0586743601765,41148261
2024-01-30,246.73651123046875,252.9622004278435,246.13885418718266,252.1653091706922,15292451
2024-01-31,247.2843780517578,249.62524329939407,245.14274702051023,246.68670580146528,15183900
2024-02-01,251.418212890625,253.70926943143098,248.23066323358154,250.02366466549213,24323325
2024-02-02,252.81277465820312,256.2991451981848,249.6252250220516,251.51782834367532,30218956
2024-02-05,287.9754943847656,294.54982845766716,254.7054011786742,255.35288199462917,211028604
2024-02-06,269.8960876464844,284.5887140108774,265.0151230436217,284.5887140108774,86635613
2024-02-07,267.4555969238281,274.62760274390405,266.3598695903621,272.3863547249893,30963705
2024-02-08,261.77777099609375,269.3482152493193,260.9311015721092,268.94977721470184,21948925
2024-02-09,271.9381103515625,275.2252621632956,257.39489397459795,263.37155574056635,51120889
2024-02-12,270.3941345214844,280.00659217644085,266.6587211530657,275.0260410185492,47043875
2024-02-13,271.6890869140625,274.3287731544426,262.67430077270564,269.39804536177957,31220101
2024-02-14,271.9381103515625,273.93033094021865,267.5054073822531,268.85016235937076,21374190
2024-02-15,272.9840087890625,277.91476681139454,271.93810515953663,273.9303257101559,19477720
2024-02-16,270.8423767089844,275.67351760496155,269.9458835445152,274.2291455519085,14337059
2024-02-19,272.9342041015625,276.0221519065735,270.84236653049874,272.187121426102,18390283
2024-02-20,280.604248046875,288.17466104671286,272.5357495613951,273.13342174529544,55688591
2024-02-21,288.9715881347656,293.3544671326953,282.09843352450406,282.8953095609014,64130106
2024-02-22,301.6719970703125,304.11244895787297,289.96770156382803,290.5653737971252,75689296
2024-02-23,332.6510314941406,345.6502581497329,304.1622721489991,304.6105035239908,270077122
2024-02-26,326.5249328613281,346.6463723833596,324.48291897666496,339.1257520386146,107359705
2024-02-27,317.2611083984375,337.38254721308334,315.3186812895106,328.0190867277526,57002014
2024-02-28,307.10076904296875,321.1957529923469,304.8595210452209,318.7552707908062,48176158
2024-02-29,308.794189453125,320.74751291582663,306.80196887600806,310.78641003024194,81356675
2024-03-01,316.6634521484375,320.3490723465033,310.338145786344,312.2805729932196,37623310
2024-03-04,321.3451843261719,330.2105597913226,319.35296375427856,328.66660100765466,24183886
2024-03-05,320.4486999511719,326.62456565436537,318.2572451023416,322.7397415122337,18301432
2024-03-06,325.08056640625,332.601186177037,320.10001545900815,321.69379784189965,53717380
2024-03-07,332.6011962890625,336.08758205812785,322.9389453969756,327.72026229214526,35988723
2024-03-11,354.2666320800781,358.4503076173066,331.15689070936895,335.5895634297274,121739384
2024-03-12,360.4425048828125,373.04329363475944,357.35455698656864,358.59969481579014,111054091
2024-03-13,326.92340087890625,365.472849865174,323.23778074171656,362.28531525897074,99102083
2024-03-14,337.0339050292969,340.17164619849837,316.7630556109004,326.72415798860163,74698602
2024-03-15,343.4090270996094,347.4930854233534,335.1413237408798,338.6775031584255,55087417
2024-03-18,351.1786804199219,358.30089351208403,341.16778388446755,345.60048695872064,48365406
2024-03-19,351.92572021484375,356.50783319787917,345.6502381373168,352.025337314254,42007913
2024-03-20,336.1872253417969,354.9639105258468,334.3444152120004,351.92575587973,50983696
2024-03-21,337.3825378417969,346.94517146940694,335.7887554375716,343.1599648583839,28731856
2024-03-22,343.30938720703125,345.5506352409651,335.39032905978803,336.6852602087344,20548126
2024-03-26,344.8035583496094,351.1288645424175,342.2136656093802,343.65803763725967,27168989
2024-03-27,349.33587646484375,354.21681060490374,346.6463666331411,346.89539419537755,50090709
2024-03-28,352.3740234375,356.358464691917,349.03704780715094,353.46975086223955,22677067
2024-04-01,355.5615539550781,362.7833530250251,354.21679908296886,355.6113473063568,23644472
2024-04-02,355.71099853515625,361.4386328298033,355.1133262681139,357.6036020483952,29684726
2024-04-03,355.71099853515625,358.4004781385355,351.8261743976923,355.1133262681139,17920490
2024-04-04,359.8946228027344,366.36933945719005,356.60747112232895,358.00201939889877,33926426
2024-04-05,371.74835205078125,373.3919278595935,357.6533678992589,359.59579501804643,46979676
2024-04-08,367.813720703125,377.2269750038917,366.12032106843606,374.53746508970886,32853747
2024-04-09,366.269775390625,373.24254760334605,363.9787034242635,369.5569272742152,23367026
2024-04-10,369.0090637207031,370.9514605186157,366.12031960263755,368.21215726097455,16540320
2024-04-12,370.75225830078125,377.3763855816707,366.7678171815848,368.7102139878691,32481005
2024-04-15,352.9218444824219,361.5382223435828,349.6346928629176,360.59190545976116,46281481
2024-04-16,360.4425048828125,370.50322462269673,358.6993119219024,363.4806290265638,48921026
2024-04-18,376.9281311035156,382.90479289817665,365.5724797734344,367.7141108367465,75356224
2024-04-19,368.660400390625,376.62928219145397,367.2160284046761,376.52966508916927,39515729
2024-04-22,381.21142578125,383.35305685665327,373.7903918514321,376.5296951894506,48640726
2024-04-23,386.4410095214844,393.16475415917756,383.50247192768353,385.4946925610741,35550933
2024-04-24,380.3647155761719,389.97717367510677,378.02385034406905,389.18029761258686,27660953
2024-04-25,380.81292724609375,385.8433021267939,378.77091344231104,380.3646958837098,17043110
2024-04-26,380.2651062011719,383.35305420425675,379.069761684212,382.8051753011194,14131318
2024-04-29,379.01995849609375,383.2534271520948,376.57947617014395,382.10790641906914,16136167
2024-04-30,375.5335693359375,382.3071069681241,374.0394039407017,379.0199552581544,16844939
2024-05-02,378.1732482910156,379.8666478664221,371.0510661217419,375.53356222254143,19658857
2024-05-03,374.4378356933594,384.34914480859516,372.8938769703641,379.06974226121747,21862922
2024-05-06,368.8098449707031,377.42619313534846,366.36936253383203,376.629317041079,13990739
2024-05-07,354.8642883300781,369.258094079437,352.2246021598186,368.8098322925233,29499389
2024-05-08,353.8183898925781,362.3849141334567,350.7304418900207,353.6191556734942,20022506
2024-05-09,344.0564880371094,357.85262163141465,343.25961196477255,355.6113734792346,23209803
2024-05-10,346.4969787597656,347.64249954094225,335.48994155216764,345.0526066451031,24450324
2024-05-13,340.0222473144531,346.5467574343448,334.09537903846524,346.4969640803105,20674537
2024-05-14,351.0790710449219,352.32420886193626,340.868940945404,342.6619272423557,19646171
2024-05-15,352.4736022949219,357.4043295728099,349.93350303158167,352.6728060966987,16860136
2024-05-16,353.6689453125,357.7530035698142,351.02925913118213,355.01370028000116,12290684
2024-05-17,355.81060791015625,357.0059220193784,353.6191531116053,355.61137369251577,8815474
2024-05-21,356.3584289550781,360.79113156564017,354.36620852765634,359.5957871496386,11792817
2024-05-22,356.25885009765625,359.2970048149375,353.8183980514093,357.60360511029717,12042414
2024-05-23,366.3195495605469,374.53745923797584,356.00980224908864,356.25882981507135,37524603
2024-05-24,363.9786682128906,369.25807061683065,362.7833541885266,367.0666159738561,18501102
2024-05-27,358.64947509765625,367.16623577844325,357.75298197306597,366.5685635624258,15955078
2024-05-28,355.4619445800781,362.3350991438573,353.86816211918983,359.5957959888178,9228162
2024-05-29,347.84173583984375,354.7646843232511,346.7460084082695,353.6191635352358,15141731
2024-05-30,346.3973693847656,350.1327831452052,345.1522314646191,347.39347972088285,9873346
2024-05-31,343.01055908203125,356.5078403541092,340.7693110952298,353.66892015771975,34213953
2024-06-03,354.7148742675781,366.56858043558464,352.4238024005319,366.56858043558464,24058623
2024-06-04,331.6549377441406,356.6074886898441,306.10468413762663,356.6074886898441,59211461
2024-06-05,344.2557067871094,346.54674819129565,325.7280501484332,337.6813730896601,24785002
2024-06-06,348.0408935546875,351.4276621136002,346.6961387213172,348.63856574717107,16246617
2024-06-07,351.7763366699219,353.9677914290728,345.65026457353724,348.33977446896125,22668347
2024-06-10,348.98724365234375,355.9600156318156,347.3436677655286,353.8681779581994,15670416
2024-06-11,348.8876037597656,353.12107218511613,348.19031444780643,350.3817690863599,12762033
2024-06-12,359.5459899902344,362.0860588487446,350.1825297614314,350.58099816179225,29997548
2024-06-13,359.3965759277344,364.9747995609702,356.8067135255831,363.5802512523795,27424843
2024-06-14,355.6113586425781,361.3389925702947,354.7148654988839,360.5919098840708,19858187
2024-06-18,361.7872619628906,363.58024828804963,356.209038375135,357.3545591050351,22666205
2024-06-19,356.9062805175781,362.5343275930967,355.6611427396088,362.5343275930967,15717813
2024-06-20,364.12811279296875,366.86741615398483,356.60749208863797,357.5039852906502,33575312
2024-06-21,359.4961853027344,365.37322973323086,357.75299235477263,364.57635368799737,21075778
2024-06-24,353.9678039550781,355.01370761871425,350.9296492769759,354.6152695753707,16858520
2024-06-25,357.65338134765625,361.0899739489263,354.86428474291034,355.56157409353335,13212387
2024-06-26,354.8642883300781,358.30088096608716,351.7763403729049,357.55379825381334,27206818
2024-06-27,352.2245788574219,357.0058957401039,346.646355561712,354.8642648530457,18689181
2024-06-28,356.75689697265625,360.5919276978362,354.0175936545097,355.611376210297,23411225
2024-07-01,351.42767333984375,357.0058966497671,350.68059067509165,356.7568690948498,15688767
2024-07-02,349.63470458984375,354.0674074486089,348.638594320357,351.82615934226374,12146516
2024-07-03,349.93353271484375,355.01370127358064,348.3397805699545,351.62693236738056,12102104
2024-07-04,349.48529052734375,355.4619520826677,348.9374116454488,350.630811245673,11944846
2024-07-05,351.3778991699219,353.4199130721681,347.7421027494266,349.48529572900804,15513571
2024-07-08,346.9451904296875,352.1747692800851,345.8494934658451,351.62692079816395,11525948
2024-07-09,348.4891662597656,352.32419668338144,347.19420473550923,347.7420835953809,8908509
2024-07-10,346.5965576171875,349.53506447946006,342.76152725228064,349.03700937749477,11556794
2024-07-11,346.6961669921875,349.9833491194605,345.6502633692074,348.1405390418962,8045640
2024-07-12,348.98724365234375,355.0136987036237,348.6385989735955,353.1210952461131,16327807
2024-07-15,354.017578125,355.31253969427905,350.3319884252192,352.9218507660323,15488346
2024-07-16,342.91094970703125,348.987228243488,341.7654290121852,348.63858358013346,25005251
2024-07-18,335.68914794921875,344.8035504858698,334.69303771791544,344.25570201820165,25188963
2024-07-19,337.4323425292969,340.66970079710563,330.7583917868808,335.73894296812506,15349322
2024-07-22,339.6238098144531,341.6658237150082,332.99965217843106,337.43235505381637,12279130
2024-07-23,333.5973205566406,340.6697094943386,324.73194530746895,340.6697094943386,13863332
2024-07-24,333.3981018066406,337.68136358041295,333.29848470516123,333.94595026647033,8729363
2024-07-25,327.9195251464844,332.35219777226274,326.7241806188171,331.70473215264053,12201643
2024-07-26,330.6089782714844,335.3405018498769,328.2681131581895,328.56696446562154,9688122
2024-07-29,328.9156188964844,333.8961701795997,328.2183295572992,333.1988808404145,12628377
2024-07-30,328.06890869140625,330.4595671516894,327.81988113515024,329.7124844829214,8705901
2024-07-31,327.22222900390625,329.96153229084916,326.2261187177452,328.06892882691784,12402209
2024-08-01,327.4214782714844,331.60512342634905,326.97321646255693,327.7202992115194,13137038
2024-08-02,324.9809875488281,326.97320816215426,323.2875878679513,324.6821666163789,7284359
2024-08-05,315.8167419433594,320.94673403924315,313.77472809467315,316.7132654855849,16751766
2024-08-06,310.1389465332031,320.7475150987761,308.7941915547223,315.91637408661296,12640387
2024-08-07,328.46734619140625,335.8883795158555,312.0813208556677,315.2190923787162,20755735
2024-08-08,325.1304016113281,329.51328092934995,322.7397429286684,328.7164048347549,9648681
2024-08-09,324.3335266113281,329.2144611046632,323.2377991784061,328.91564016790016,7793704
2024-08-12,327.86968994140625,329.6627066702884,321.0463284985902,323.7358383924769,12463583
2024-08-13,322.0424499511719,335.1911181573083,320.747518712194,328.2183460113911,15172143
2024-08-14,318.9544982910156,325.08056994299824,317.95838809072995,324.73192529312405,8040049
2024-08-16,326.87359619140625,328.26814456288736,318.30704133963025,322.7397444335295,16446600
2024-08-19,330.1607666015625,333.1988908156687,327.5210500233859,330.6588217447847,13708990
2024-08-20,332.8502197265625,336.6354567540464,330.7085888604034,331.1070268635935,15772046
2024-08-21,329.8121032714844,335.938175106929,328.21832082352296,334.59342021649684,18916856
2024-08-22,328.3179626464844,332.10316964638105,327.6206732733525,330.9078555195645,8368346
2024-08-23,325.8774719238281,332.402012495182,325.42924053728746,328.7163923007456,8935180
2024-08-26,321.9926452636719,332.90006489619003,320.4984798564159,331.405899488934,26118300
2024-08-27,322.34130859375,325.3296395812096,320.39888129235135,323.23780181021294,16600233
2024-08-28,320.9965515136719,328.9654340958577,319.65179649815315,325.7280755468447,21470187
2024-08-29,324.38330078125,331.80433439363077,322.24166979745564,322.98875249404944,33808226
2024-08-30,320.4486999511719,330.3101859731597,319.4027658828725,326.375538076038,27498340
2024-09-02,343.55841064453125,347.99111330690147,321.8930132431,322.6400959121148,65333808
2024-09-03,348.83782958984375,353.6191467383054,341.16776833202704,349.63470564829635,65293715
2024-09-04,345.8495178222656,348.9374355180115,341.7156356445821,343.6580629425027,22005759
2024-09-05,344.0066833496094,349.0868517403037,342.66192842282663,347.24404168499944,16406870
2024-09-06,335.5397644042969,344.5047572050114,334.6930645600101,343.6580573607246,17265092
2024-09-09,340.3708801269531,344.50473153054054,328.01908886961786,336.63546673837317,18687398
2024-09-10,350.13275146484375,358.3506609942462,339.5241834248441,342.6121312671819,60920830
2024-09-11,342.96075439453125,354.0175844904264,341.715616554878,351.1288707822055,22779115
2024-09-12,348.4393615722656,350.5810229797672,340.9685345196967,344.95297561440015,18880957
2024-09-13,350.53118896484375,353.02146457612974,345.5506377422717,348.9872302453953,17631913
2024-09-16,347.4432373046875,353.32031200176374,345.6502510438359,350.63080221161454,11639025
2024-09-17,350.28216552734375,354.1171960936458,342.66192814687525,347.3436585107566,14931440
2024-09-18,345.5506286621094,351.87593462833786,343.7576424286473,349.1366315279049,12141036
2024-09-19,345.3016357421875,349.1366665472316,337.133549371848,347.39347349029106,17295767
2024-09-20,352.5234069824219,354.51562745748373,346.99500732367403,347.0448006760018,38491941
2024-09-23,352.8720703125,359.7950489891189,350.87984973204834,352.9716874212973,22868793
2024-09-24,351.0790710449219,354.6152502856937,347.74209561554886,352.4237955681994,20086102
2024-09-25,351.42767333984375,353.6191279826652,347.64246666464834,350.3319764173045,13663033
2024-09-26,348.4891662597656,352.22457958168917,347.5926731422782,351.1288522608173,11584354
2024-09-27,357.75299072265625,361.58802127045067,347.74209485529605,348.63858800181197,61551034
2024-09-30,349.23626708984375,356.75688747629005,348.24015681885095,355.6113667444229,26763318
2024-10-01,349.63470458984375,351.6269251288172,344.90318080978176,350.6308148593305,16421563
2024-10-03,344.2557067871094,349.1366409083359,337.7311664423663,343.65803456027356,24232870
2024-10-04,337.4821472167969,343.956863969885,335.1911057560226,342.1638776439636,18945511
2024-10-07,335.04168701171875,347.5428584278972,327.9195048391864,344.7537619012281,38001804
2024-10-08,344.2557067871094,348.33976487180297,331.70471161904663,333.4479045479756,20853384
2024-10-09,341.66583251953125,346.646384013985,340.2214604265901,343.65805311731276,12692777
2024-10-10,342.4626770019531,346.1482969273467,341.6658009959134,343.65802140988376,8914571
2024-10-11,340.171630859375,343.11016808784024,339.1257273164274,342.11405789498707,8105506
2024-10-14,338.7272644042969,342.11406343392775,337.9303883966609,341.46656747899345,7284123
2024-10-15,335.44012451171875,340.6199099376698,334.7926589331929,340.6199099376698,9425660
2024-10-16,332.3521728515625,337.88060287889374,331.2066521644523,335.73894156083816,10530774
2024-10-17,327.86968994140625,333.69694111224544,327.3218414513682,333.54753065122355,9765396
2024-10-18,329.0650329589844,331.6051019816419,324.2338920816794,327.86968847839677,9740536
2024-10-21,325.9272766113281,333.09925196629865,324.78172553758685,333.09925196629865,8404918
2024-10-22,312.82843017578125,327.1226191802878,309.88992300549194,326.7241811367252,16864967
2024-10-23,313.4759216308594,320.19966611427645,311.93193243608386,315.01988042676123,15298133
2024-10-24,314.8704528808594,317.1614942728528,313.62531508110817,313.77472553730394,7628619
2024-10-25,309.989501953125,316.6136286083358,304.8097168278744,316.2649839635625,12405373
2024-10-28,315.4183044433594,318.0081971719895,309.4416429460001,313.2766734865801,9290007
2024-10-29,324.9311828613281,325.67826556527154,312.6790082773327,316.4642455499697,14904512
2024-10-30,318.70550537109375,325.4790433094922,317.3109266200639,325.4790433094922,11570929
2024-10-31,321.04632568359375,322.6401081845567,316.46424279177523,318.7054908840715,6666478
2024-11-01,324.9311828613281,325.5786484583045,322.9389623174791,323.7358383754695,4366260
2024-11-04,318.6058654785156,325.5288133883913,318.0579866086803,325.5288133883913,8097386
2024-11-05,320.64788818359375,322.7397258196065,317.51014692901106,318.7552847601052,5979530
2024-11-06,324.78173828125,326.6245483429766,321.5443799345774,322.6899310532674,7203398
2024-11-07,320.2992248535156,327.2222029506812,319.30311464666426,325.7280376404041,7046798
2024-11-08,314.8206481933594,321.0961613234394,313.57551031820947,320.4486957081362,7871347
2024-11-11,310.7864074707031,314.87046569993254,309.39185915798106,312.7786280314128,8429474
2024-11-12,309.043212890625,314.92025743471726,308.7941853218171,310.985640086876,5765828
2024-11-13,298.2353820800781,308.7941560773353,296.8408339065997,308.7941560773353,14563487
2024-11-14,317.1117248535156,319.2533559509468,301.5723978600597,301.5723978600597,42750072
2024-11-18,317.5599365234375,321.6439946408539,312.6292090099982,318.75528098668656,15570302
2024-11-19,318.1078186035156,322.54049103502535,315.8665705115212,318.75528419476166,9800376
2024-11-21,312.97784423828125,317.65954404723976,311.8322931626896,315.7669407032407,9585103
2024-11-22,312.57940673828125,316.4642613113692,311.13506501137954,313.2766961229059,11366576
2024-11-25,321.9926452636719,323.7358382388039,316.7630663382758,317.60976614882884,25530717
2024-11-26,324.78173828125,325.62843808246197,318.8549004705115,320.1996554019808,11006017
2024-11-27,327.6206359863281,330.6587903104836,321.1459197399625,324.4331016120551,11501641
2024-11-28,324.18408203125,330.11091957848924,323.73582027439846,327.6704677880512,9679906
2024-11-29,327.0727844238281,331.0074014044207,324.0844538770574,324.2836576741866,18285878
2024-12-02,328.4175720214844,329.2144480872597,323.8354586460928,324.7319518198084,8216182
2024-12-03,339.026123046875,341.1179606108007,328.5669656261183,330.06113097194066,18445722
2024-12-04,343.8572692871094,345.99890023753267,339.32494942573965,340.76932144286377,16774994
2024-12-05,340.171630859375,345.9490578183754,338.279027572728,345.4012093718544,11818459
2024-12-06,337.5817565917969,341.71560803662265,337.1833185728147,341.71560803662265,8074543
2024-12-09,335.5397644042969,339.97243704977006,334.5934474491162,337.18334033798635,10589894
2024-12-10,333.79656982421875,336.6354902778273,332.3521977200871,335.6891733269997,7366133
2024-12-11,341.66583251953125,343.65805311731276,332.0035504607413,333.39812919828745,20098921
2024-12-12,336.9841003417969,344.9529826947699,335.8884033373621,342.46270695946583,10639649
2024-12-13,338.428466796875,339.37478372009474,329.36385719141515,335.68916353361845,9126606
2024-12-16,339.026123046875,341.1179606108007,336.83466838012015,337.93039571349755,6632276
2024-12-17,335.7887878417969,339.57399481809927,334.59344332355727,337.731184685344,8027327
2024-12-18,323.33740234375,335.68916371213703,322.29146831244464,334.6930534340595,13957883
2024-12-19,311.7825012207031,318.6556557109698,309.5412532087332,316.76305235841403,21490551
2024-12-20,303.1163330078125,313.52569714566863,301.6221676520746,313.52569714566863,19669669
2024-12-23,303.5148010253906,307.64865242442573,300.8750845812702,307.59882867330964,11299664
2024-12-24,303.5148010253906,305.80584240831456,302.4190736861728,303.5148010253906,6911511
2024-12-26,304.3614807128906,305.50703184201456,301.72179457825854,303.5148113028397,8189884
2024-12-27,303.7638244628906,306.1544829167383,303.3155627032879,304.75993468523313,6020942
2024-12-30,305.05877685546875,307.7482868028052,299.8291978236607,303.81363899075257,45642158
2024-12-31,297.53814697265625,302.668108734487,295.09766467486776,302.668108734487,17838917
2025-01-01,303.2657775878906,305.2081743348877,297.63773035971036,297.7373474644244,8948678
2025-01-02,303.5148010253906,305.80584240831456,302.17004612720837,304.80973217245685,18554117
2025-01-03,306.2541198730469,309.69068212359616,303.0665547953541,305.50703715785704,25288548
2025-01-06,295.5459289550781,307.2502246151639,294.10155690556087,306.5031419134563,15616967
2025-01-07,297.98638916015625,299.8291992887155,296.09378567631455,296.8408683987947,8305881
2025-01-08,297.43853759765625,299.6797857420475,295.09767234485065,299.3311410620342,10545440
2025-01-09,288.1248779296875,297.33889736218396,287.6766161761257,297.33889736218396,15072307
2025-01-10,279.4587097167969,289.81828031111763,278.9108612560211,288.87196344373615,13906821
2025-01-13,265.11474609375,276.9186590427949,264.01901870121605,276.7194248263802,22870943
2025-01-14,271.7886962890625,272.9342170325998,263.1723484369686,266.4097068506764,19834738
2025-01-15,271.3404235839844,274.9264265315618,270.19490288654396,273.9303162905054,12932861
2025-01-16,275.7232971191406,277.7155175619057,273.7809004267676,275.9225313229657,9804897
2025-01-17,277.9147644042969,280.2058058581165,274.62761268379523,278.91087467097896,12895002
2025-01-20,274.6275939941406,278.91085568982896,270.0952743498584,277.9147454909367,15616628
2025-01-21,259.0882873535156,276.4205999748679,257.3948877346609,274.9264345695983,25289898
2025-01-22,261.77777099609375,262.5746774642021,253.06182119320218,260.6820740006141,19045792
2025-01-23,254.8548126220703,266.35987380848,252.61356456766276,262.4750499272814,26848859
2025-01-24,243.49916076660156,256.34899280753075,242.60266757279962,255.0042378173908,38379153
2025-01-27,232.39251708984375,242.45322118023188,230.15126909750597,242.05478317247946,32924181
2025-01-28,232.49212646484375,237.5722948238708,230.4003040577544,236.07812944762006,32439612
2025-01-29,237.37307739257812,239.71392737794707,232.09368998815347,234.08591050307325,23719434
2025-01-30,233.88668823242188,241.30770650720407,232.59174187588093,239.713924037702,27503919
2025-01-31,240.7100372314453,242.80187484837506,234.88280135474608,236.07813062180466,31130589
2025-02-01,240.57057189941406,244.59486566876723,238.31936829142563,243.44932980496733,24079793
2025-02-03,233.05992126464844,238.62817403030763,231.9940759792104,238.0703547105943,15183090
2025-02-04,244.14662170410156,245.98941649674123,234.08590237338598,235.48045060562333,23138568
2025-02-05,248.84828186035156,253.35068946223808,245.64080548589016,245.69059884122427,28695524
2025-02-06,249.5056915283203,252.80281402872276,247.6828079442274,251.6174555970191,16298230
2025-02-07,248.4796905517578,251.76685730722895,245.1726125355435,247.43377178418484,11922059
2025-02-10,242.0149688720703,249.02757880342233,241.11846046871568,248.3103781605135,11175493
2025-02-11,235.0222625732422,242.2340912936117,233.83688890471203,241.0586884555498,15330326
2025-02-12,226.734619140625,233.06988118726457,222.36169557946306,232.093697359791,45167995
2025-02-13,227.17291259765625,232.14350846670663,226.11703811151241,227.29244096984252,15841475
2025-02-14,221.42535400390625,229.9421001897457,218.29756824015396,229.10537117765742,22176523
2025-02-17,221.584716796875,223.12869068750157,216.29537392721943,221.3854977915055,21988192
2025-02-18,220.16029357910156,223.1087714324378,216.1658817150662,222.69040694781995,19138944
2025-02-19,228.02955627441406,228.80652105232912,218.40712762554455,220.16029139063386,14085762
2025-02-20,234.3548583984375,234.98239750860608,225.02129519455858,227.11313276028292,15681050
2025-02-21,232.76107788085938,237.62210071429152,231.7350855499493,235.0820165632338,15152682
2025-02-24,227.56138610839844,232.5917459668405,227.12309516160465,230.10147031409062,14715002
2025-02-25,225.43968200683594,230.76886279396282,224.37383672974875,228.69695162309205,11683220
2025-02-27,220.837646484375,227.11314430100052,220.1901808808354,225.47952404646202,16215296
2025-02-28,206.8024444580078,219.04463243774256,206.19481661266937,218.40712250160354,50855490
2025-03-03,200.1384735107422,209.43218414849358,197.87729894328484,209.18315658113508,51311993
2025-03-04,205.57723999023438,207.23077146758928,198.24586788051056,199.21209604710324,50579885
2025-03-05,216.2555389404297,216.81335824229222,206.19481944797624,206.19481944797624,36954756
2025-03-06,219.08448791503906,221.52495495532676,217.21179580602413,221.13647257094985,24296337
2025-03-07,220.9472198486328,223.6267589467645,217.93896253257125,219.1442626649808,27997558
2025-03-10,215.65786743164062,224.0251873861654,214.66175718946215,221.73414598870377,19521402
2025-03-11,216.7137451171875,218.13819068864217,212.18144040719363,213.86486917371445,20118890
2025-03-12,224.65274047851562,225.61896862411905,215.87701172464838,219.14425208523704,28455086
2025-03-13,221.73414611816406,228.0494814093982,220.45912622338608,226.9936069839823,25219084
2025-03-17,218.66612243652344,222.97928156604226,217.68992346533724,222.25211015291532,22290255
2025-03-18,218.66612243652344,218.66612243652344,218.66612243652344,218.66612243652344,0
2025-03-19,227.94985961914062,230.35048890270474,224.76230994772547,226.38597447386454,21456932
2025-03-20,230.78878784179688,233.3388276674265,228.05944026622714,230.10146933265966,24426400
2025-03-21,228.22879028320312,235.02226992051249,227.16296015091484,231.09759285138506,46879564
2025-03-24,231.77491760253906,233.54800776927118,229.8026236320678,230.99795285055234,26607361
2025-03-25,226.6449737548828,233.2890275853937,225.42971798144347,233.18942567575382,22492788
2025-03-26,221.8038787841797,228.00964170033419,221.1464423379973,227.11314850967602,19372538
2025-03-27,224.9017791748047,227.11314522585346,220.46909144164357,221.30582043408452,188868886
2025-03-28,226.6250457763672,231.3964225596825,225.23049745524773,226.2963275579383,30356334
2025-04-01,229.5237274169922,230.39033849119699,224.33400140326557,226.11703210524206,18781790
2025-04-02,228.88621520996094,230.09151531696335,224.4236454837851,230.09151531696335,16203186
2025-04-03,229.51376342773438,230.88838521961333,225.61896875196604,226.1170238706238,11752612
2025-04-04,221.4552459716797,229.45401034841942,219.94115408185286,229.1551742228772,20832533
2025-04-07,212.689453125,214.16369195798515,202.3099867154336,202.3099867154336,25772065
2025-04-08,223.93553161621094,224.62285008607802,215.77738664680692,216.15591338660278,25131280
2025-04-09,220.0606689453125,223.12869026032425,217.4010564701597,223.12869026032425,19372735
2025-04-11,229.1252899169922,230.081547270166,222.84979213897233,224.90177687540424,24630876
2025-04-15,237.64202880859375,238.55844841146208,231.69524942089976,234.98240107487499,27663804
2025-04-16,241.3376007080078,241.80577376193645,236.3371227784892,238.12016871564805,27720767
2025-04-17,245.51129150390625,247.03533895164497,237.3730726857622,241.99502358075102,30422206
2025-04-21,245.42166137695312,249.02757581087477,243.54896914303552,249.02757581087477,31786610
2025-04-22,249.58538818359375,250.36235298248596,242.75207108606347,244.5450726217518,30235264
2025-04-23,257.1358947753906,257.5442731955147,250.4121359049184,251.01976371872286,37568336
2025-04-24,257.7734375,258.78945912263964,255.50230709731224,256.99647263589304,17152009
2025-04-25,252.06570434570312,260.60236137063026,248.13107185839033,257.77341187995114,33348716
2025-04-28,256.8968505859375,258.689867437121,251.31864180204056,251.40828808476846,19380922
2025-04-29,256.62786865234375,258.7396173546142,254.60576621775047,257.09604164945995,12494831
2025-04-30,259.40704345703125,262.27581542844814,254.20733156116418,255.00422279729295,32058337
2025-05-02,258.3412170410156,264.1684684808185,256.74743445251517,261.8773965102008,16935190
2025-05-05,259.5863342285156,261.3793204982367,258.29137267916417,258.59022399003237,10986246
2025-05-06,250.222900390625,259.735756646123,249.42600912325196,258.2415912195873,18568703
2025-05-07,255.10385131835938,255.70152357206285,244.09682957528437,244.09682957528437,19393399
2025-05-08,250.471923828125,257.29527004370226,248.42989473900556,255.10384569360616,14849940
2025-05-09,247.38400268554688,249.027578624695,241.05869610870474,243.15053384892707,25011071
2025-05-12,261.87738037109375,262.4750526048071,256.00033593713636,257.9427630969866,19437052
2025-05-13,266.3598937988281,267.9038830359533,260.48284898374976,262.17624868927425,19305043
2025-05-14,266.4595031738281,268.89998554936216,264.1684616612288,267.7544343941889,13255755
2025-05-15,272.6353759765625,273.53186908361806,264.4672601147871,266.95753563375877,16201350
2025-05-16,275.92254638671875,276.86886330824416,271.9878986379004,273.03383266677685,13449060
2025-05-19,275.97235107421875,278.2634230418872,274.6774198220959,275.9225577179349,10202024
2025-05-20,270.3941345214844,276.91864437877365,269.796462302763,276.02215125012754,12885413
2025-05-21,273.2828369140625,274.42835755365934,269.29839615103293,270.4439167906298,10476515
2025-05-22,273.4820556640625,276.27118258998615,270.3443144714116,273.38246895863887,13207455
2025-05-23,280.6540832519531,282.5466867841701,273.4820767732762,273.88054522121627,13548313
2025-05-26,280.6540832519531,283.5926208617009,280.25564520288765,281.65019357405413,8653797
2025-05-27,290.2665100097656,291.7606753293755,278.01436654851335,278.910859660505,24400393
2025-05-28,289.2206115722656,298.0859865459894,287.67662247531086,294.89842164810426,37169009
2025-05-29,286.7303466796875,290.9139915653234,284.3894814704712,290.6151706445183,15854792
2025-05-30,285.5350036621094,289.8680894292281,284.4891000350583,286.8797586103701,17881681
2025-06-02,285.3357849121094,288.0750880193516,282.2976304992996,285.83384002251705,12638716
2025-06-03,282.7956848144531,289.6688392389767,281.99880879959034,286.630715233582,9276084
2025-06-04,289.2206115722656,290.56536646352566,281.4011401812598,282.7956884245076,13640678
2025-06-05,290.3661193847656,291.86028466461863,288.42369236140854,290.86417447804996,11867068
2025-06-06,292.8564147949219,295.7451284529204,289.3700289045061,290.8641942861129,15858719
2025-06-09,303.0665588378906,304.31169671314905,294.50000417633817,294.8486488611853,26608267
2025-06-10,301.6221923828125,305.6564574134072,300.9249333989547,304.6105233393088,15246190
2025-06-11,301.4727783203125,305.6066300144031,298.5342711541182,302.31947816099955,17551031
2025-06-12,294.8486328125,302.6681043232816,293.8525225665118,302.6681043232816,16175003
2025-06-13,292.90618896484375,294.1513267013018,286.6805002825535,286.879734479935,16908691
2025-06-16,293.0058288574219,293.8027353100713,286.3817016639265,292.3583632638693,16256316
2025-06-17,288.6727294921875,294.3505699036853,288.2742914841057,293.8525147938652,8857573
2025-06-18,287.0291442871094,291.5116401283413,286.2322682971052,287.87584402578284,8400088
2025-06-19,282.99493408203125,289.4696508437865,281.6003857823509,288.3739234658687,13910925
2025-06-20,293.1054382324219,293.8525209127084,281.8991980281237,282.09843223574893,21062467
2025-06-23,292.00970458984375,294.74900769181016,286.33189458145443,287.42759150314384,13408538
2025-06-24,299.62994384765625,303.2159467413466,295.94435425045447,296.8408473741591,24073049
2025-06-25,302.1202087402344,303.7638148743148,300.8252776516134,302.5186771356906,11854474
2025-06-26,311.2844543457031,311.6828923674911,302.91713429266514,303.614393231076,37158992
2025-06-27,322.1918640136719,328.0190845031899,311.63308956273136,312.87822734235,60666211
2025-06-30,325.4790344238281,330.60899629289116,323.93507564731954,325.6284448862526,36746297
2025-07-01,328.3179626464844,330.6090041887049,325.8276868836908,326.92341429909476,20683383
2025-07-02,325.42926025390625,329.66272919911904,323.78565387372356,328.9156464440815,13385187
2025-07-03,323.78564453125,327.47126484264084,323.2875893755958,326.27592030952104,11497044
2025-07-04,323.68603515625,326.32572121662406,322.0922526899708,324.7319387503449,9623498
2025-07-07,326.7739562988281,328.4175625351836,321.7934050344115,323.68603883398777,13172854
2025-07-08,327.57086181640625,329.4136718588165,323.4868037113309,327.72027227414276,13953335
2025-07-09,328.5669860839844,333.9957689391666,327.47125868238265,327.72028625552514,24522736
2025-07-10,330.3599548339844,332.10314775302277,327.72026877921496,329.2144341383907,13973005
2025-07-11,324.5326843261719,329.7124694191937,323.7358083421086,329.7124694191937,14554942
2025-07-14,317.8587951660156,326.4253496197848,316.4144231061998,323.73583971491166,17980889
2025-07-15,319.95062255859375,321.2953470690063,317.06187853165903,319.8510054544111,12753151
2025-07-16,318.3070068359375,321.4447783302365,317.4105137227969,319.75137880629325,14151922
2025-07-17,316.9124755859375,319.70160257479444,316.1155995313343,318.854902767483,12037735
2025-07-18,315.6175537109375,322.68994290001086,312.5296057102014,319.25335021552047,29776471
2025-07-21,316.0159912109375,319.5521706000053,312.87824986024907,316.9623081511029,16996843
2025-07-22,309.591064453125,317.21133245332726,308.6447779215931,316.76307066547764,15797945
2025-07-23,313.2268981933594,313.9739809236038,310.38797773865576,310.38797773865576,9726960
2025-07-24,315.2190856933594,318.1575925509708,312.2307550863079,313.7747137404028,11348072
2025-07-25,310.0393371582031,314.3225993754574,308.99343348155656,314.3225993754574,10957081
2025-07-28,306.1545104980469,314.62144815074026,305.3078106530027,310.03933463539016,15732708
2025-07-29,319.85101318359375,321.2455614792329,305.10856297561065,305.10856297561065,27086587
2025-07-30,319.0541076660156,322.73972782854514,318.4564658224686,321.74361755746935,15393963
2025-07-31,327.96929931640625,331.3560680815089,315.21910029524145,315.76694877236383,49292436
2025-08-01,328.2183532714844,331.40591848253274,324.7319671214079,328.66661507890126,19635750
2025-08-04,332.6011962890625,334.19497872040955,327.3218242840264,328.5669620586926,19850637
2025-08-05,331.5552978515625,337.2829317037114,330.210542954327,333.14908030758704,16052991
2025-08-06,325.27978515625,332.3023805539758,324.33349867210046,331.9039425396564,11615135
2025-08-07,324.23388671875,326.72416234639013,315.5677153750132,321.7436110911098,16461908
2025-08-08,319.90081787109375,324.73195892256933,318.8549142120277,323.835465729245,10312947
2025-08-11,326.9842224121094,327.83224250304335,320.0504486904594,320.2499935752467,11342718
2025-08-12,326.2359924316406,330.9250234616151,325.78703163969203,327.18378501629815,10094423
2025-08-13,329.82757568359375,331.822902783378,327.8322485838095,327.8322485838095,11363627
2025-08-14,326.6350402832031,331.1744277048922,325.0886739587282,329.82757582271466,8079069
2025-08-18,328.58050537109375,332.9203480228994,326.8345941102976,330.47606007927436,9341169
2025-08-19,330.5259094238281,332.42149445408756,327.68259277098736,329.22895903643666,8842923
2025-08-20,327.6826171875,330.2266471547435,326.28586380928056,330.0770037060133,8822662
2025-08-21,323.0933532714844,328.6303739071206,321.84627380883876,328.2313145683292,10947441
2025-08-22,319.8509521484375,325.5376163277625,319.35212035483306,324.04112094694915,8800338
2025-08-25,318.95306396484375,321.5968664061914,317.60621202037555,321.2476780581772,11445521
2025-08-26,315.01226806640625,319.401981627166,313.4659017318431,318.7535064044871,10076775
2025-08-28,309.37548828125,316.15958857905514,308.7768840323197,315.01228152893356,15243091
2025-08-29,310.97174072265625,315.9101570275363,308.62722529083226,310.2733640591256,17274984
2025-09-01,313.31622314453125,313.765183916881,306.4822522397687,310.97173817816605,11486206
2025-09-02,311.0216064453125,315.51109234428253,310.27335879548417,313.4658942799283,13220799
2025-09-03,312.9670715332031,313.96473509506063,309.0761592849384,310.27336773767763,11360605
2025-09-04,308.72698974609375,315.26167365117635,308.2780289816883,314.51342600801695,10392904
2025-09-05,308.6770935058594,313.1665794405007,308.1782617353437,309.2756977197332,8618197
2025-09-08,310.3731384277344,312.6178814292181,308.8766430934119,310.023950093804,6198613
2025-09-09,307.2304992675781,311.62021275355255,306.53212261119074,310.3731333287715,10103729
2025-09-10,309.3255615234375,312.66774039740943,308.52744288768645,309.27569052605594,10838910
2025-09-11,309.9740905761719,311.7698728653657,309.225842881295,309.3255848835906,6146666
2025-09-12,310.472900390625,311.4705639131575,309.2756919850762,310.32322650522553,6049420
2025-09-15,314.61322021484375,315.9101707075342,309.2757139017993,310.32324849618186,14414947
2025-09-16,314.7129821777344,317.0574671866932,313.565644726724,315.0621400667108,10963429
2025-09-17,315.1120300292969,317.95537716091087,314.2640099449524,315.1619010269688,8836571
2025-09-18,316.6085510253906,317.20715527743687,315.1619266201352,315.5609859727404,9396848
2025-09-19,316.25933837890625,320.84859669700336,315.0621299667854,316.8579425849667,17671561
2025-09-22,313.11669921875,318.2546602144622,312.0691342637592,316.259333191174,7711667
2025-09-23,311.8197326660156,314.26402055999245,310.0239504413259,313.11671355831425,11896537
2025-09-24,306.0332946777344,313.3661278766271,305.2850470134856,313.2663554321388,11253782
2025-09-25,300.89532470703125,307.5796520451654,300.29672050381527,306.03328576260907,12147554
2025-09-26,295.1587829589844,300.8953486747219,293.66228755487896,300.19697197429525,11503280
2025-09-29,293.51263427734375,299.19929835479695,292.7144851541089,295.3084165236393,9607887
2025-09-30,292.51495361328125,296.10651789597944,291.5172901022486,294.31073575463034,10119815
2025-10-01,299.34893798828125,300.14708710135045,292.3652930918722,293.3130856491808,8551743
2025-10-03,300.9951171875,302.2421966746105,298.10186842038246,299.3489479074929,8773415
2025-10-06,305.5344543457031,305.93351366620584,300.795552604831,301.29438436702804,8816471
2025-10-07,309.1759338378906,314.26402412730215,305.5843389014663,305.63424034766473,18717966
2025-10-08,303.9382019042969,310.22350069187013,303.4892715635049,309.1759356708032,7853613
2025-10-09,306.63189697265625,307.43001563099904,304.58666843545575,304.58666843545575,6279739
2025-10-10,307.4300231933594,309.67476622722563,305.93352783744854,306.2827161764163,7654597
2025-10-13,307.7293395996094,308.07849749124284,303.98810122117163,305.2850516805197,6533659
2025-10-14,304.885986328125,310.0738185094506,304.38715455417395,308.92651151861827,7420573
2025-10-15,311.91949462890625,312.218811953813,304.8859789645789,304.8859789645789,14796118
2025-10-16,311.37078857421875,313.5656300356017,309.8742933043455,313.3162141572895,10445546
2025-10-17,308.57733154296875,314.0146102047707,306.332588499408,312.8174017363612,13963053
2025-10-20,309.9740905761719,315.06215054431334,308.37782273784586,308.4775951864181,14883909
2025-10-21,311.07147216796875,312.56796744224624,310.32322453083003,310.72231429432344,3190393
2025-10-23,308.3279113769531,313.11671473795985,307.6794361514985,311.2710310606846,11107313
2025-10-24,305.23516845703125,310.42300053294457,304.7862076910877,309.2756935654245,8292307
2025-10-27,304.8360900878906,307.180605554747,304.4370307511711,306.13307099007375,8333968
2025-10-28,307.2304992675781,308.028617920928,304.33725064506604,305.3848156296471,11236088
2025-10-29,309.0262756347656,310.0239391557818,306.8813051538357,307.08081959027425,8605721
2025-10-30,309.076171875,312.0691626824904,308.4276966226325,309.3754892235152,8517048
2025-10-31,306.0831604003906,310.2234884282138,305.5344576345773,308.2780323561939,6533999
2025-11-03,306.0831604003906,307.67942814585894,302.7908829129606,305.48458663633056,8075806
2025-11-04,301.1946105957031,306.2328296394169,300.6459078382184,305.2850371169167,8396727
2025-11-06,297.40350341796875,302.4915934937263,296.8048992126547,301.19461264116677,8339076
2025-11-07,298.6006774902344,299.4486975661863,292.81424128892877,296.3060635870932,9364502
2025-11-10,301.2445373535156,302.6911313112959,298.9498927969516,298.9498927969516,8870055
2025-11-11,304.1876220703125,304.93586976175123,296.9545610530712,301.29440375267126,10752137
2025-11-12,308.7768859863281,309.5750046924346,304.5368156617986,304.58668666357636,12029642
2025-11-13,309.9740905761719,315.86029968661467,308.9764269830027,309.2757138824428,15761851
2025-11-14,314.16424560546875,314.96239471272514,308.5773236397753,310.2733638522042,13675544
2025-11-17,311.2710266113281,316.1097009027144,310.42300650726656,315.26168079865283,8876003
2025-11-18,305.23516845703125,311.12137718079566,304.73633669321606,310.42300053294457,8869128
2025-11-19,303.7386779785156,305.6841036204566,302.89065787733745,305.1354008500752,5882303
2025-11-20,307.62957763671875,308.87665713869484,304.4869433809944,304.88600273237137,7784069
2025-11-21,302.84075927734375,307.629562598603,302.29205650180774,306.2827107130527,5973657
2025-11-24,299.1494140625,303.63889992502993,298.401166418745,302.5913349560082,12349069
2025-11-25,300.0971984863281,302.6911299337237,298.9000204349526,299.0496638855899,7131282
2025-11-26,307.2803649902344,307.9288401907316,300.7955520927132,300.7955520927132,8885249
2025-11-27,305.7340087890625,309.07615734326856,304.2873844549468,308.27803867730677,5565162
2025-11-28,305.4845886230469,307.28037081945575,304.7862119654017,305.43468717820076,5488672
2025-12-01,304.0379638671875,307.4300138145147,302.840755440472,306.38247927584496,6225454
2025-12-02,304.13775634765625,306.2827270110843,302.29207258748716,302.29207258748716,8589532
2025-12-03,300.2967224121094,304.98575317977844,297.752692590118,304.2873765305427,8408528
2025-12-04,301.5438232421875,302.74103174126276,299.299080141129,300.29674374159947,5601692
2025-12-05,303.0403137207031,303.73869040819966,299.5484911757732,301.2944024482382,6506083
2025-12-08,296.505615234375,303.5391309883813,294.5601591596371,302.2920515677224,12432114
2025-12-09,292.51495361328125,296.10651789597944,288.0753388106763,295.4580427030631,13376328
2025-12-10,290.1704406738281,294.7097975080734,288.5741729537143,293.3130746703267,8655536
2025-12-11,297.7527160644531,298.30141887048666,289.3224463961242,290.3201100043867,9589482
2025-12-12,300.04730224609375,301.6934409571915,298.0519752153633,299.29905460956985,7955711
2025-12-15,298.8999938964844,299.69811252653875,296.8547654317746,298.3013897008065,4850351
2025-12-16,294.5601501464844,298.0519724174842,293.81190251698445,297.35359578477465,7141463
2025-12-17,292.4650573730469,295.30840451932914,291.01846352407847,294.31074099054763,5906902
2025-12-18,291.6170349121094,292.86411431294164,289.0730051129213,292.0161246773952,6478984
2025-12-19,296.2561950683594,297.1041847051312,292.66460029951713,293.4128479410978,8767177
2025-12-22,298.052001953125,299.2492104574726,297.2039817997352,297.303754249477,5136735
2025-12-23,298.0021057128906,299.0496402307689,297.0044421925211,298.8500953481852,5346120
2025-12-24,298.2016296386719,301.8929969600169,297.3536095301169,298.0021151960136,6548391
2025-12-26,296.2561950683594,299.09951174934645,295.45804598290863,297.30372958806254,3945249
2025-12-29,293.2632141113281,296.8547785515799,292.66460988919437,296.3060757749513,4713140
2025-12-30,291.81658935546875,293.16344124174907,290.71915335752647,292.31542113214476,6850674
2025-12-31,294.2608642578125,296.20628983325753,291.9163489216129,291.9163489216129,6540400
2026-01-01,295.0091247558594,296.0566593078403,293.4627279811787,294.7098074222395,3697802
2026-01-02,300.9951171875,302.2920676755843,294.80959075292134,294.9093632011455,10604978
2026-01-05,299.6981201171875,301.74334863369813,298.1517538149385,301.09484297829545,6971528
2026-01-06,297.8524475097656,301.59368590812784,292.81425864514824,299.39884431552093,10930694
2026-01-07,302.7908935546875,305.28505248017916,295.9568920095852,297.30374391860585,20416851
2026-01-08,292.8641357421875,303.5890193740986,291.4674128003102,302.5913557804325,12255998
2026-01-09,286.578857421875,293.91169067231647,285.4814214173403,291.3177593287641,11375541
2026-01-12,287.5765075683594,288.3247552029692,280.09403122226155,286.57884405554637,12216471
2026-01-13,283.93505859375,289.5219806844991,281.2413547716622,288.42454466637906,12956779
2026-01-14,286.3294372558594,287.1774573578931,281.19147609122007,281.29124853491965,6701056
2026-01-15,286.3294372558594,286.3294372558594,286.3294372558594,286.3294372558594,0
2026-01-16,278.1485900878906,290.32009777447155,276.50245129285753,286.3294435095304,18934861
2026-01-19,275.0059509277344,280.99193221596926,273.45958460678384,278.74718923288117,13006403
2026-01-20,264.8796691894531,275.80409710289535,262.58505523185863,274.45724523810077,18750739
2026-01-21,262.6349182128906,268.5710282579404,261.88667058265446,264.6801162236932,19266179
2026-01-22,261.9864501953125,267.5234706321438,259.14310303331473,266.37616365695874,12282969
2026-01-23,252.30911254882812,265.6279273918137,251.66063731299536,263.3831843434322,14857605
2026-01-27,255.4517364501953,256.8983607572412,249.61541389308803,253.20700871525978,14773866
2026-01-28,254.60372924804688,257.79624949235574,252.4088725315306,257.2475467305797,19034680
2026-01-29,253.90538024902344,256.2498957433286,251.860166872331,255.20234594325314,12165356
2026-01-30,253.90538024902344,256.99814342579134,248.96694858939696,252.40888488409797,13448707
2026-02-02,243.52967834472656,244.72687155862653,236.4462610591837,241.83363813330246,17248818
2026-02-03,263.2834167480469,266.37617998317427,256.34967302748686,259.4424058163375,40223294
2026-02-04,267.37384033203125,269.2693950511001,263.3333149980615,264.3808495820458,14556924
2026-02-05,269.31927490234375,271.0152845902398,266.8749871406766,267.4735913319292,15768740
2026-02-06,267.4736022949219,269.7682162681202,265.87733453491313,269.3192859409859,8939766
2026-02-09,268.62091064453125,270.76588118623533,268.1220788698896,269.91786108008944,8211716
2026-02-10,269.5686950683594,273.70899258381536,268.3714866668007,269.36915018600814,12632673
2026-02-11,269.66845703125,270.9654379700211,267.6731298450882,270.3668337249173,6544008
2026-02-12,266.92486572265625,269.46892599620685,266.0768760777475,269.36915355378386,8681589
2026-02-13,263.33331298828125,266.62559060962775,262.2358769657404,264.38084756427077,12222314
2026-02-16,261.9365539550781,262.63493062147063,258.9435632927252,261.43772217801927,13826571
2026-02-17,261.6871337890625,263.5827188679215,260.2904109253834,261.7869062320985,7407032
2026-02-18,263.4829406738281,263.88199999098686,261.1384253218934,262.3855047169359,9451007
2026-02-19,257.99578857421875,264.92953166867596,256.74870919252425,263.4829378536747,8482281
2026-02-20,257.99578857421875,260.1407590214786,256.94822362583096,257.49695682154095,11215176
2026-02-23,257.1976623535156,259.7915937871591,255.55152351267847,259.39253443881626,9454337
2026-02-24,254.65362548828125,256.5990816225297,252.60841213121105,256.5990816225297,10953963
2026-02-25,256.34967041015625,258.8438293732974,255.05268948155702,256.4494124116608,8837176
2026-02-26,255.551513671875,258.24521745044393,254.75339500592335,256.8983655611595,8691253
2026-02-27,254.8032684326172,258.5944082476932,254.0550207588059,256.39953622600314,13283249
2026-03-02,248.41822814941406,251.76040718766737,242.98096475462677,245.9739554552221,18412891
2026-03-04,240.73622131347656,244.82663279667744,239.23972596576303,244.42757345987567,13886010
2026-03-05,242.53201293945312,243.67931992250467,237.1945069051197,242.93107226665256,13760060
2026-03-06,238.790771484375,242.88118281474993,238.3418107183247,241.63410340491538,12566465
2026-03-09,231.70736694335938,233.4033919883064,225.77127167447574,233.4033919883064,19524751
2026-03-10,235.44859313964844,236.99497465616767,230.8094638132281,236.39637044876108,23126145
2026-03-11,238.1422882080078,242.23271488434213,236.94509498324635,237.3441543171209,16495797
2026-03-12,241.6341094970703,244.82662982211014,233.45327140692527,236.84532139794175,18865160
2026-03-13,234.70034790039062,240.0378539312698,233.7026843599001,239.43924971772051,13328248
2026-03-16,233.80245971679688,237.4439255957113,230.16097861474472,234.45093493694185,14936668
2026-03-17,237.04486083984375,238.1422815890659,233.80245436703476,234.4509295723416,10638093
2026-03-18,247.62008666992188,249.91471584808468,237.39403542264495,238.34181273752117,19579987
2026-03-19,238.89053344726562,244.27792573861834,237.04486501794085,242.38235586414442,15046012
2026-03-20,238.7408905029297,243.67932202962933,238.04252906272308,241.43457904266245,15021105
2026-03-23,225.5717315673828,235.74789658943777,224.87335491370837,235.64812414658786,21172068
2026-03-24,232.15631103515625,233.45327672827426,227.21787937976268,232.30596970540336,16119867
2026-03-25,236.7954559326172,240.43692189698854,234.20152454488823,234.45094043897222,15684548
2026-03-27,232.0066680908203,235.94743617899192,231.00900451289647,235.44860439003,19784233
2026-03-30,223.576416015625,230.9591204728005,222.77828210111295,228.36518905642086,25943393
2026-04-01,231.3881072998047,232.49551448491127,227.4672967290808,232.49551448491127,21603793
2026-04-02,228.94383239746094,229.6022940089867,223.02769471854032,227.3176511257169,18541635
2026-04-06,234.7602081298828,235.44859841688844,225.5717353352656,230.26075098792353,16036376
2026-04-07,234.78016662597656,235.44859938219184,231.22848679981163,232.55538115700475,13783445
2026-04-08,246.28323364257812,247.52034197052083,241.58423145064174,244.52735121016696,19911975
2026-04-09,238.28196716308594,245.42524209049245,236.14696769854132,245.42524209049245,21124622
2026-04-10,242.63177490234375,243.23037912798122,239.43925455293223,240.1376160007507,12039959
2026-04-13,237.12466430664062,237.7531972120259,234.7103203520924,236.44626040246536,15386126
2026-04-15,242.09304809570312,243.679329535132,240.94572584425464,241.93341826927127,20476591
2026-04-16,240.70628356933594,244.42756426484885,237.46387710459814,243.92873250104304,26180404
2026-04-17,243.2902374267578,244.92640506347016,240.0777595314959,241.45454012179042,51452527
2026-04-20,236.5959014892578,241.44454688347352,233.95209920793275,241.43457572844233,38415130
2026-04-21,234.20152282714844,237.04487008810702,233.55304759654143,236.71563928355428,46344616
2026-04-22,237.95272827148438,240.58655943944365,234.0019891311143,234.15163257463678,40251825
2026-04-23,248.0790252685547,251.11191580237596,237.98265965765654,239.43925515804867,74432271
2026-04-24,245.15586853027344,252.6084167296158,243.52968723812108,251.41122347199584,32701729
2026-04-27,253.04737854003906,254.1048994519869,246.44285080630922,246.52266571592722,25870371
2026-04-28,250.2239990234375,255.40187541780526,248.94699086419953,254.90304362987985,21934246
2026-04-29,250.12423706054688,256.3995341355675,249.44581792579078,251.5209599510186,22455886
2026-04-30,245.79437255859375,249.41589624345292,242.5419947519089,249.41589624345292,20595815
2026-05-01,245.79437255859375,245.79437255859375,245.79437255859375,245.79437255859375,0
2026-05-04,252.1494903564453,253.40654094537234,247.29085853068037,247.4205596631982,17828741
2026-05-05,247.8695068359375,253.10724049209756,246.72219983860515,251.4112154956828,16205692
2026-05-06,251.85018920898438,252.39890720657223,248.58782513526896,250.41355126007713,14692193
2026-05-07,250.4335174560547,253.55619412645396,249.91472812919602,252.9077188852343,16948101
2026-05-08,248.75743103027344,250.90241684086365,247.71986761507011,250.39359867706892,11367680
2026-05-11,239.7684783935547,245.87417433598455,239.23971793961942,245.42522879135953,18858507
2026-05-12,229.9315185546875,239.3893647037732,228.72433896642332,238.98031899655547,21663715
2026-05-13,230.9092254638672,233.45327055946322,228.6644824777185,230.460279911265,13708347
2026-05-14,233.58297729492188,234.45093973231394,227.87634043762898,232.45561258565596,16545557
2026-05-15,232.51547241210938,235.3987195604574,232.04656930985743,234.3511697528065,10456724
2026-05-18,232.0864715576172,232.78483298309396,226.67913705872942,229.46261160567875,13156630
2026-05-19,232.73495483398438,235.54837338965956,231.75724880440708,232.08647960708,9590375
2026-05-20,234.1217041015625,234.90986683320725,228.8839704495244,229.85170531356152,11303753
2026-05-21,235.22911071777344,237.74322712749847,234.5107917435663,235.9474296919806,12084486
2026-05-22,237.63348388671875,240.43691603213833,235.55834187178104,235.55834187178104,13517010
2026-05-25,241.17520141601562,243.080727300874,239.63879096443887,240.4369248800376,9813693
2026-05-26,240.10768127441406,243.13060056928427,239.44921968739706,240.8260002378622,10437883
2026-05-27,242.32249450683594,243.29022935004116,240.1475953157231,240.43691104161763,9140875
2026-05-28,242.32249450683594,242.32249450683594,242.32249450683594,242.32249450683594,0
2026-05-29,238.39170837402344,244.57721949886908,237.49381724512932,243.4299124760446,22534996
2026-06-01,234.4010467529297,240.13761213422765,233.75257153821192,239.42927954253747,10854238
2026-06-02,237.0847625732422,237.94275382489056,231.71732786712997,233.20385201915374,10183097
2026-06-03,234.48086547851562,236.84532324622307,231.04890039363897,236.84532324622307,12256871
2026-06-04,235.189208984375,237.14462100267718,233.10408061100892,233.9521007113713,9053339
2026-06-05,236.33651733398438,238.74089013879922,234.5906061245619,234.74024956754306,12186829
2026-06-08,228.32528686523438,233.66279309200274,227.14803592821838,232.4556134655246,13089712
2026-06-09,233.6627960205078,233.94214060774726,229.03363757364752,229.03363757364752,9959663
2026-06-10,229.63221740722656,234.4010479569323,229.01367087781782,233.65280029465876,8453644
2026-06-11,227.48724365234375,229.34289843750443,226.46962258354273,229.1134248636551,11664899
2026-06-12,235.33885192871094,235.9474272972615,229.4626142848632,230.36050538194027,12744670
2026-06-15,238.9603729248047,243.1206280173748,238.4814834698325,240.9357424513685,18199317
2026-06-16,241.3846893310547,242.7514987262049,239.2995761957456,239.48913470316234,15505756
2026-06-17,242.41229248046875,244.16819012461713,240.6564100594585,241.6341161056805,10009881
2026-06-18,243.52967834472656,244.42756944936713,241.9334105774348,242.41228481836728,9457087
2026-06-19,243.8788604736328,246.2732622131358,241.46451642307582,243.4299149047067,22160659
2026-06-22,242.8113555908203,245.82428850053952,242.44220973178886,244.42756564326157,8096383
2026-06-23,237.25436401367188,243.61946227032885,236.64578864534133,243.42990376202528,11177956
2026-06-24,238.3118896484375,239.18983845243028,234.7502386561264,237.2044824881785,9540112
2026-06-25,238.87057495117188,241.36473381031942,237.942755162675,239.489136699974,8663156
2026-06-26,238.87057495117188,238.87057495117188,238.87057495117188,238.87057495117188,0
2026-06-29,236.15695190429688,238.64112446710817,235.36878915386183,238.44159479642497,9229023
2026-06-30,235.8875732421875,237.76318559589657,234.71032233194316,236.4462623969593,9951114
2026-07-01,239.44921875,240.1974663987344,235.9474252342524,236.20681227215087,7959631
2026-07-02,239.1698760986328,240.22739701496343,238.27198500219976,239.44922067188477,5834832
2026-07-03,238.790771484375,241.63410340491538,238.3019108753904,240.4867964371225,8863322
2026-07-06,239.4392547607422,240.1076875201727,237.54370008314143,238.64112086691213,9664713
2026-07-07,242.50209045410156,244.67698972230474,238.8905379910742,239.38936977440207,23069644
2026-07-08,229.45265197753906,241.43458607906717,228.4649595541586,241.43458607906717,37304617
2026-07-09,232.82473754882812,233.6727576546971,230.23082145542097,230.4602798092027,11583829
2026-07-10,241.39468383789062,242.93107903587108,233.40338890790645,234.45093869991666,27714158
2026-07-13,240.84596252441406,242.91111816773244,238.79077803631853,239.23972359154968,13432355
2026-07-14,235.41867065429688,239.3295099691522,234.6504654532835,239.1399514577078,10014430
2026-07-15,236.03721618652344,237.94275722498094,234.80012312447212,236.6457915623556,9708543
2026-07-16,235.0994110107422,237.3541403913437,233.55304467660656,237.22443925758864,9649365
2026-07-17,242.41229248046875,249.36600885305825,241.43458643424677,246.9217361259342,95978862
2026-07-20,238.3617706298828,242.54198328906296,237.54369444489947,242.43223969097693,19257829
2026-07-21,239.46917724609375,240.6364417560369,236.15694222374128,238.92045925685446,17460387
2026-07-22,234.25140380859375,240.87588914972247,233.64282843618435,238.80074714582054,17633281
2026-07-23,232.615234375,235.22910797541874,231.80712934422246,233.45326809409246,9274393
2026-07-24,234.16162109375,234.92981107503866,230.66979863035053,231.4579461453372,10217898
2026-07-27,235.61819458007812,236.84531646224303,234.71031711219547,236.44625713860583,6984152
2026-07-28,236.5260772705078,238.6511055124836,234.95973818321502,235.44859880513152,11263195
2026-07-29,248.8970947265625,253.30676572939785,236.95506098145955,237.44392159448356,48984683
2026-07-30,246.37301635742188,249.31612085373797,244.52734788088236,248.16881383381173,15570324
2026-07-31,255.8607940673828,256.45939830666305,246.42290509361314,246.92173688530062,42840807
2026-08-03,262.3855285644531,266.3263119894643,255.70117022099237,259.3925377443263,36582683
2026-08-04,264.3808288574219,265.97709655487245,261.2880659022878,263.3831653522995,24776731
2026-08-05,261.3379821777344,267.5733794386435,260.09090272555255,266.0269826501726,19828927
2026-08-06,262.48529052734375,265.72769711960444,259.69181427239977,261.58739940643443,15775224
2026-08-07,256.1999816894531,262.78456706036127,256.1999816894531,262.4852801806142,10858220
2026-08-10,254.0,257.8500061035156,253.5500030517578,256.79998779296875,9861960
2026-08-11,252.75,254.0,252.0,253.89999389648438,6019790
2026-08-12,256.04998779296875,256.04998779296875,249.0,252.75,13290344
2026-08-13,255.60000610351562,263.3999938964844,254.0,261.95001220703125,48657061
2026-08-14,249.0500030517578,255.60000610351562,249.0500030517578,255.60000610351562,16541508
2026-08-17,249.75,249.89999389648438,245.75,249.0500030517578,11490495
2026-08-18,245.8000030517578,248.89999389648438,245.8000030517578,248.89999389648438,9238709
2026-08-19,243.14999389648438,246.3000030517578,241.5,245.8000030517578,9712757
2026-08-20,244.60000610351562,247.25,243.75,244.0,8819149
2026-08-21,244.0,245.8000030517578,243.5,244.3000030517578,5583469
2026-08-24,242.0,245.35000610351562,242.0,244.5500030517578,6651365
2026-08-25,243.14999389648438,243.14999389648438,240.39999389648438,242.0,9800689
2026-08-26,241.0,245.0,241.0,244.14999389648438,6814531
2026-08-27,238.10000610351562,242.64999389648438,238.10000610351562,242.0,7638222
2026-08-28,238.39999389648438,240.0,237.60000610351562,238.60000610351562,7150998
2026-08-31,241.35000610351562,241.35000610351562,235.5,238.0,22007832
2026-09-01,235.85000610351562,240.00999450683594,235.00999450683594,240.0,10397855
2026-09-02,236.89999389648438,237.39999389648438,232.3000030517578,234.0,15926208
2026-09-03,237.4499969482422,240.47999572753906,236.39999389648438,236.89999389648438,9293803
2026-09-04,239.5,240.6300048828125,237.8000030517578,237.8000030517578,11860254
2026-09-08,233.14999389648438,234.75,232.60000610351562,234.75,8934543
2026-09-09,231.0,232.97000122070312,230.6300048828125,232.5,10774282
2026-09-10,230.25,232.27000427246094,229.10000610351562,230.82000732421875,8980169
2026-09-11,229.89999389648438,231.3699951171875,226.44000244140625,228.6999969482422,22102551
2026-09-14,229.89999389648438,229.89999389648438,229.89999389648438,229.89999389648438,0
2026-09-15,225.60000610351562,231.8000030517578,225.60000610351562,230.5,13273805
2026-09-16,224.83999633789062,228.22000122070312,224.83999633789062,226.5,11897305
